{
  "Domain RF": {
    "accuracy": 0.9086748855935383,
    "precision": 0.9213836477987422,
    "recall": 0.89365,
    "f1": 0.9073049393370222,
    "auc_roc": 0.9687890102056131
  },
  "EMBER RF": {
    "accuracy": 0.8225841195984662,
    "precision": 0.851782363977486,
    "recall": 0.8194302754453425,
    "f1": 0.8352931765458763,
    "auc_roc": 0.9156034244909455
  },
  "QSVC (quantum)": {
    "accuracy": 0.74,
    "precision": 0.7073170731707317,
    "recall": 0.7945205479452054,
    "f1": 0.7483870967741936,
    "training_samples": 500
  },
  "VQC (quantum)": {
    "accuracy": 0.5866666666666667,
    "precision": 0.5797101449275363,
    "recall": 0.547945205479452,
    "f1": 0.5633802816901409,
    "training_samples": 500
  }
}