{
    "domain": {
        "original_shape": [
            199944,
            6
        ],
        "pca_shape": [
            199944,
            5
        ],
        "variance_explained": 0.9988806337244455,
        "variance_per_component": [
            0.45170914279270435,
            0.31630146037681517,
            0.2080013315992335,
            0.022868698955692435
        ],
        "class_distribution": {
            "1": 100000,
            "0": 99944
        }
    },
    "malware": {
        "original_shape": [
            116051,
            7
        ],
        "pca_shape": [
            116051,
            5
        ],
        "variance_explained": 1.0,
        "variance_per_component": [
            0.6056606679889871,
            0.25780798669300514,
            0.13653134494201336,
            3.7599429197133104e-10
        ],
        "class_distribution": {
            "1": 63713,
            "0": 52338
        }
    }
}