{
  "domain_rf": {
    "accuracy": 0.9086748855935383,
    "precision": 0.9213836477987422,
    "recall": 0.89365,
    "f1": 0.9073049393370222,
    "auc_roc": 0.9687890102056131,
    "train_time": 6.2706825733184814
  },
  "ember_rf": {
    "accuracy": 0.8815647753220456,
    "precision": 0.9038306125747535,
    "recall": 0.8776583222161186,
    "f1": 0.8905522156308476,
    "auc_roc": 0.9580559164837471,
    "train_time": 13.745466232299805
  }
}