{
  "domain_rf": {
    "accuracy": 0.9086748855935383,
    "precision": 0.9213836477987422,
    "recall": 0.89365,
    "f1": 0.9073049393370222,
    "auc_roc": 0.9687890102056131,
    "train_time": 5.53466272354126
  },
  "ember_rf": {
    "accuracy": 0.8225841195984662,
    "precision": 0.851782363977486,
    "recall": 0.8194302754453425,
    "f1": 0.8352931765458763,
    "auc_roc": 0.9156034244909455,
    "train_time": 12.241889476776123
  }
}